{"#",44a01d39-c2b6-4751-85e6-06fdc2f23043,82:9298001517d39cec11e607b356613872}|{"#",44a01d39-c2b6-4751-85e6-06fdc2f23043,82:00000000000000000000000000000000}|Сцепление|Зчеплення|Clutch|clutch|1|1|275|284|18
{"#",44a01d39-c2b6-4751-85e6-06fdc2f23043,82:9298001517d39cec11e607b41dd28f29}|{"#",44a01d39-c2b6-4751-85e6-06fdc2f23043,82:00000000000000000000000000000000}|Электрооборудование|Електрообладнання|Electrical equipment|electrical-equipment|1|1|319|334|23
{"#",44a01d39-c2b6-4751-85e6-06fdc2f23043,82:9298001517d39cec11e607b89c254466}|{"#",44a01d39-c2b6-4751-85e6-06fdc2f23043,82:00000000000000000000000000000000}|Аккумуляторы|Акумулятор|Auto battery|auto-batteries|1|1|57|64|3
{"#",44a01d39-c2b6-4751-85e6-06fdc2f23043,82:9298001517d39cec11e607b8d449239e}|{"#",44a01d39-c2b6-4751-85e6-06fdc2f23043,82:00000000000000000000000000000000}|Автолампы|Автолампи|Car lights|car-bulbs|1|1|1|28|1
{"#",44a01d39-c2b6-4751-85e6-06fdc2f23043,82:9298001517d39cec11e607b9288ade34}|{"#",44a01d39-c2b6-4751-85e6-06fdc2f23043,82:00000000000000000000000000000000}|Подвеска|Підвіска|Suspension|suspension|1|1|187|214|12
{"#",44a01d39-c2b6-4751-85e6-06fdc2f23043,82:9298001517d39cec11e608818ddaa9e0}|{"#",44a01d39-c2b6-4751-85e6-06fdc2f23043,82:00000000000000000000000000000000}|Система выпуска газов|Система випуску газів|Exhaust system|exhaust-system|1|1|249|260|16
{"#",44a01d39-c2b6-4751-85e6-06fdc2f23043,82:9298001517d39cec11e6088d22faf7a4}|{"#",44a01d39-c2b6-4751-85e6-06fdc2f23043,82:00000000000000000000000000000000}|Система охлаждения|Система охолодження|Cooling system|cooling-system|1|1|261|274|17
{"#",44a01d39-c2b6-4751-85e6-06fdc2f23043,82:9298001517d39cec11e60ab7aeb2e494}|{"#",44a01d39-c2b6-4751-85e6-06fdc2f23043,82:00000000000000000000000000000000}|Рулевое управление|Кермове управління|Car steering gear|car-steering-gear|1|1|243|248|15
{"#",44a01d39-c2b6-4751-85e6-06fdc2f23043,82:9298001517d39cec11e60ada5220dcd5}|{"#",44a01d39-c2b6-4751-85e6-06fdc2f23043,82:00000000000000000000000000000000}|Тормозная система|Гальмівна система|Brake system|brake-system|1|1|289|298|20
{"#",44a01d39-c2b6-4751-85e6-06fdc2f23043,82:9298001517d39cec11e60af20640f4e4}|{"#",44a01d39-c2b6-4751-85e6-06fdc2f23043,82:00000000000000000000000000000000}|Щетки стеклоочистителя|Щітки склоочисника|Wiper blades|wiper-blades|1|1|311|318|22
{"#",44a01d39-c2b6-4751-85e6-06fdc2f23043,82:9298001517d39cec11e60c485e642e82}|{"#",44a01d39-c2b6-4751-85e6-06fdc2f23043,82:00000000000000000000000000000000}|Топливная система|Паливна система|Fuel system|fuel-system|1|1|285|288|19
{"#",44a01d39-c2b6-4751-85e6-06fdc2f23043,82:9298001517d39cec11e60c5bf701c768}|{"#",44a01d39-c2b6-4751-85e6-06fdc2f23043,82:00000000000000000000000000000000}|Приводы колес и КПП|Привід колес та КПП|Transmission|transmission|1|1|215|230|13
{"#",44a01d39-c2b6-4751-85e6-06fdc2f23043,82:9298001517d39cec11e60de6a1e69a24}|{"#",44a01d39-c2b6-4751-85e6-06fdc2f23043,82:00000000000000000000000000000000}|Фильтры|Фільтри|Filters|filters|1|1|299|310|21
{"#",44a01d39-c2b6-4751-85e6-06fdc2f23043,82:9298001517d39cec11e60deb52307784}|{"#",44a01d39-c2b6-4751-85e6-06fdc2f23043,82:00000000000000000000000000000000}|Автохимия|Автохімія|Auto chemicals|auto-chemistry|1|1|29|56|2
{"#",44a01d39-c2b6-4751-85e6-06fdc2f23043,82:9298001517d39cec11e60deece3cef3b}|{"#",44a01d39-c2b6-4751-85e6-06fdc2f23043,82:00000000000000000000000000000000}|Отопление и вентиляция|Обігрів та вентиляція|Heating and ventilation|heating-and-ventilation|1|1|179|186|11
{"#",44a01d39-c2b6-4751-85e6-06fdc2f23043,82:9298001517d39cec11e60defbb42767e}|{"#",44a01d39-c2b6-4751-85e6-06fdc2f23043,82:00000000000000000000000000000000}|Ремни|Ремені|Belts|belts|1|1|231|242|14
{"#",44a01d39-c2b6-4751-85e6-06fdc2f23043,82:9298001517d39cec11e60dff820616bc}|{"#",44a01d39-c2b6-4751-85e6-06fdc2f23043,82:00000000000000000000000000000000}|Омыватели стекла|Омивач скла|Glass washer|glass-washer|1|1|173|178|10
{"#",44a01d39-c2b6-4751-85e6-06fdc2f23043,82:9298001517d39cec11e60e00f6b14883}|{"#",44a01d39-c2b6-4751-85e6-06fdc2f23043,82:00000000000000000000000000000000}|Двигатель|Двигун|Engine|engine|1|1|113|134|6
{"#",44a01d39-c2b6-4751-85e6-06fdc2f23043,82:9298001517d39cec11e60e0353215344}|{"#",44a01d39-c2b6-4751-85e6-06fdc2f23043,82:00000000000000000000000000000000}|Кузов|Кузов|Car body|car-body|1|1|143|152|8
{"#",44a01d39-c2b6-4751-85e6-06fdc2f23043,82:9298001517d39cec11e60e07b39d1a1b}|{"#",44a01d39-c2b6-4751-85e6-06fdc2f23043,82:00000000000000000000000000000000}|Инструмент и материалы|Інструмент та матеріали|Sets and materials|sets-and-materials|1|1|135|142|7
{"#",44a01d39-c2b6-4751-85e6-06fdc2f23043,82:9cb8001517d39cec11e7cec7f2302146}|{"#",44a01d39-c2b6-4751-85e6-06fdc2f23043,82:00000000000000000000000000000000}|Масла|Олива|Oils|oils|1|1|153|172|9
{"#",44a01d39-c2b6-4751-85e6-06fdc2f23043,82:aa900025909438d711e8a9fe282462ac}|{"#",44a01d39-c2b6-4751-85e6-06fdc2f23043,82:00000000000000000000000000000000}|Аксессуары для мобильных телефонов и смартфонов|Аксесуари для мобільних телефонів і смартфонів|Accessories for mobile phones and smartphones|accessories-for-smartphones|0|1|65|70|4
{"#",44a01d39-c2b6-4751-85e6-06fdc2f23043,82:aa930025909438d611e8cd50be7d714d}|{"#",44a01d39-c2b6-4751-85e6-06fdc2f23043,82:00000000000000000000000000000000}|Датчики|Датчики|Sensors|sensors|1|1|71|112|5
{"#",44a01d39-c2b6-4751-85e6-06fdc2f23043,82:ae63001517d39cec11e678de407f82b0}|{"#",44a01d39-c2b6-4751-85e6-06fdc2f23043,82:9298001517d39cec11e607b356613872}|Диски сцепления|Диски счеплення|Clutch disks|clutch-disks|1|2|278|279|18
{"#",44a01d39-c2b6-4751-85e6-06fdc2f23043,82:ae63001517d39cec11e678df44facd8a}|{"#",44a01d39-c2b6-4751-85e6-06fdc2f23043,82:9298001517d39cec11e607b356613872}|Выжимные подшипники|Вижимні підшипники|Clutch release bearing|clutch-release-bearing|1|2|276|277|18
{"#",44a01d39-c2b6-4751-85e6-06fdc2f23043,82:ae63001517d39cec11e678dfa50e1042}|{"#",44a01d39-c2b6-4751-85e6-06fdc2f23043,82:9298001517d39cec11e607b356613872}|Цилиндры сцепления|Циліндри зчеплення|Clutch cylinder|clutch-cylinder|1|2|280|281|18
{"#",44a01d39-c2b6-4751-85e6-06fdc2f23043,82:ae63001517d39cec11e678e0ab6893c6}|{"#",44a01d39-c2b6-4751-85e6-06fdc2f23043,82:9298001517d39cec11e607b356613872}|Шланги и трубки сцепления|Шланги і трубки зчеплення|Clutch hoses and pipes|clutch-hoses-and-pipes|1|2|282|283|18
{"#",44a01d39-c2b6-4751-85e6-06fdc2f23043,82:9298001517d39cec11e607b434f9a525}|{"#",44a01d39-c2b6-4751-85e6-06fdc2f23043,82:9298001517d39cec11e607b41dd28f29}|Генераторы|Генератор|Alternator|alternator|1|2|320|321|23
{"#",44a01d39-c2b6-4751-85e6-06fdc2f23043,82:9298001517d39cec11e607b5e2877242}|{"#",44a01d39-c2b6-4751-85e6-06fdc2f23043,82:9298001517d39cec11e607b41dd28f29}|Провода высоковольтные|Дріт високої напруги|High voltage wire|high-voltage-wire|1|2|324|325|23
{"#",44a01d39-c2b6-4751-85e6-06fdc2f23043,82:9298001517d39cec11e607b7366589d4}|{"#",44a01d39-c2b6-4751-85e6-06fdc2f23043,82:9298001517d39cec11e607b41dd28f29}|Свечи зажигания|Свічки запалювання|Spark plugs|spark-plugs|1|2|328|329|23
{"#",44a01d39-c2b6-4751-85e6-06fdc2f23043,82:9298001517d39cec11e607b8508a726a}|{"#",44a01d39-c2b6-4751-85e6-06fdc2f23043,82:9298001517d39cec11e607b41dd28f29}|Стартера|Стартер|Starters|starters|1|2|332|333|23
{"#",44a01d39-c2b6-4751-85e6-06fdc2f23043,82:9298001517d39cec11e60c465221985a}|{"#",44a01d39-c2b6-4751-85e6-06fdc2f23043,82:9298001517d39cec11e607b41dd28f29}|Система зажигания|Система запалювання|Spark system|spark-system|1|2|330|331|23
{"#",44a01d39-c2b6-4751-85e6-06fdc2f23043,82:aa930025909438d611e8cc8cffe438df}|{"#",44a01d39-c2b6-4751-85e6-06fdc2f23043,82:9298001517d39cec11e607b41dd28f29}|Предохранители|Запобіжники|Circuit breakers|circuit-breakers|1|2|322|323|23
{"#",44a01d39-c2b6-4751-85e6-06fdc2f23043,82:aa930025909438d611e8cd516e8e856e}|{"#",44a01d39-c2b6-4751-85e6-06fdc2f23043,82:9298001517d39cec11e607b41dd28f29}|Реле, приборы|Реле, прилади|Relays, appliances|relays-appliances|1|2|326|327|23
{"#",44a01d39-c2b6-4751-85e6-06fdc2f23043,82:aa930025909438d611e8ee61cd27ab8d}|{"#",44a01d39-c2b6-4751-85e6-06fdc2f23043,82:9298001517d39cec11e607b89c254466}|Зарядное устройство|Зарядний пристрій|Charger|charger|1|2|62|63|3
{"#",44a01d39-c2b6-4751-85e6-06fdc2f23043,82:ae63001517d39cec11e6a28d03d4af9d}|{"#",44a01d39-c2b6-4751-85e6-06fdc2f23043,82:9298001517d39cec11e607b89c254466}|Аккумуляторы (Евро)(+) справа|Акумулятори (Євро)(+)  праворуч|Starter battery (Euro) (+) right side|starter-battery-euro|1|2|58|59|3
{"#",44a01d39-c2b6-4751-85e6-06fdc2f23043,82:ae63001517d39cec11e6a28d66a4e5b0}|{"#",44a01d39-c2b6-4751-85e6-06fdc2f23043,82:9298001517d39cec11e607b89c254466}|Аккумуляторы (Стандарт) (+) слева|Акумулятори (Стандарт) (+) ліворуч|Starter battery (Standard) (+) left side|starter-battery-standard|1|2|60|61|3
{"#",44a01d39-c2b6-4751-85e6-06fdc2f23043,82:9cb8001517d39cec11e7cad03039a242}|{"#",44a01d39-c2b6-4751-85e6-06fdc2f23043,82:9298001517d39cec11e607b8d449239e}|Дневные ходовые огни|Денні ходові вогні|Daytime Running Lights|drl|1|2|2|3|1
{"#",44a01d39-c2b6-4751-85e6-06fdc2f23043,82:aaa10025909438d711eaf9821e495054}|{"#",44a01d39-c2b6-4751-85e6-06fdc2f23043,82:9298001517d39cec11e607b8d449239e}|Лампы  головного света LED|Лампи  головного світла LED|Headlight bulbs LED|headlight-bulbs-led|1|2|6|7|1
{"#",44a01d39-c2b6-4751-85e6-06fdc2f23043,82:ae63001517d39cec11e67697e7809322}|{"#",44a01d39-c2b6-4751-85e6-06fdc2f23043,82:9298001517d39cec11e607b8d449239e}|Лампы  головного света H1,H3,H4,H7,H8,H9,H11,HS1|Лампи  головного світла H1,H3,H4,H7,H8,H9,H11,HS1|Headlight bulbs H1,H3,H4,H7,H8,H9,H11,HS1|headlight-bulbs|1|2|4|5|1
{"#",44a01d39-c2b6-4751-85e6-06fdc2f23043,82:ae63001517d39cec11e6a2776bdf5e2c}|{"#",44a01d39-c2b6-4751-85e6-06fdc2f23043,82:9298001517d39cec11e607b8d449239e}|Наборы автоламп|Набори автоламп|Bulbs kits|bulbs-kits|1|2|26|27|1
{"#",44a01d39-c2b6-4751-85e6-06fdc2f23043,82:ae63001517d39cec11e6a277ecce0934}|{"#",44a01d39-c2b6-4751-85e6-06fdc2f23043,82:9298001517d39cec11e607b8d449239e}|Лампы с цоколем  C5, C10|Лампи з цоколем  C5, C10|Bulbs with base C5, C10|bulbs-with-base-c5-c10|1|2|18|19|1
{"#",44a01d39-c2b6-4751-85e6-06fdc2f23043,82:ae63001517d39cec11e6a2784200914c}|{"#",44a01d39-c2b6-4751-85e6-06fdc2f23043,82:9298001517d39cec11e607b8d449239e}|Лампы с цоколем P21, PY21|Лампи з цоколем P21, PY21|Bulbs with base P21, PY21|bulbs-with-base-p21-py21|1|2|20|21|1
{"#",44a01d39-c2b6-4751-85e6-06fdc2f23043,82:ae63001517d39cec11e6a279e0c1e5c8}|{"#",44a01d39-c2b6-4751-85e6-06fdc2f23043,82:9298001517d39cec11e607b8d449239e}|Лампы с цоколем R5, R10|Лампи з цоколем R5, R10|Bulbs with base R5, R10|bulbs-with-base-r5-r10|1|2|22|23|1
{"#",44a01d39-c2b6-4751-85e6-06fdc2f23043,82:ae63001517d39cec11e6a27a821725e6}|{"#",44a01d39-c2b6-4751-85e6-06fdc2f23043,82:9298001517d39cec11e607b8d449239e}|Лампы с цоколем T4|Лампи з цоколем T4|Bulbs with base T4|bulbs-with-base-t4|1|2|24|25|1
{"#",44a01d39-c2b6-4751-85e6-06fdc2f23043,82:ae63001517d39cec11e6a27ad79396e4}|{"#",44a01d39-c2b6-4751-85e6-06fdc2f23043,82:9298001517d39cec11e607b8d449239e}|Лампы без цоколя T5, T20|Лампи без цоколя T5, T20|Bulbs without base T5, T20|bulbs-without-base-t5-t20|1|2|12|13|1
{"#",44a01d39-c2b6-4751-85e6-06fdc2f23043,82:ae63001517d39cec11e6a27b2b3a58a0}|{"#",44a01d39-c2b6-4751-85e6-06fdc2f23043,82:9298001517d39cec11e607b8d449239e}|Лампы без цоколя W3, W5|Лампи без цоколя W3, W5|Bulbs without base W3, W5|bulbs-without-base-w3-w5|1|2|14|15|1
{"#",44a01d39-c2b6-4751-85e6-06fdc2f23043,82:ae63001517d39cec11e6a27ba4fd30f4}|{"#",44a01d39-c2b6-4751-85e6-06fdc2f23043,82:9298001517d39cec11e607b8d449239e}|Лампы без цоколя H6|Лампи без цоколя H6|Bulbs without base H6|bulbs-without-base-h6|1|2|10|11|1
{"#",44a01d39-c2b6-4751-85e6-06fdc2f23043,82:ae63001517d39cec11e6a27c43a16978}|{"#",44a01d39-c2b6-4751-85e6-06fdc2f23043,82:9298001517d39cec11e607b8d449239e}|Лампы с пластм. цоколем PB3, PB5|Лампи з пластм. цоколем PB3, PB5|Bulbs with plastic base PB3, PB5|bulbs-with-plastic-base-pb3-pb5|1|2|16|17|1
{"#",44a01d39-c2b6-4751-85e6-06fdc2f23043,82:ae63001517d39cec11e6a288d290bb34}|{"#",44a01d39-c2b6-4751-85e6-06fdc2f23043,82:9298001517d39cec11e607b8d449239e}|Лампы  головного света XENON D2R, D2S|Лампи  головного світла XENON D2R, D2S|Headlight bulbs XENON D2R, D2S|headlight-bulbs-xenon|1|2|8|9|1
{"#",44a01d39-c2b6-4751-85e6-06fdc2f23043,82:9298001517d39cec11e607b939342d27}|{"#",44a01d39-c2b6-4751-85e6-06fdc2f23043,82:9298001517d39cec11e607b9288ade34}|Амортизаторы|Амортизатор|Shock absorber|shock-absorber|1|2|188|189|12
{"#",44a01d39-c2b6-4751-85e6-06fdc2f23043,82:9298001517d39cec11e607b9d9216a2e}|{"#",44a01d39-c2b6-4751-85e6-06fdc2f23043,82:9298001517d39cec11e607b9288ade34}|Опоры верхней стойки|Опора верхньої стійки|The upper strut|upper-strut|1|2|196|197|12
{"#",44a01d39-c2b6-4751-85e6-06fdc2f23043,82:9298001517d39cec11e607ba032ba122}|{"#",44a01d39-c2b6-4751-85e6-06fdc2f23043,82:9298001517d39cec11e607b9288ade34}|Опоры шаровые|Опора кульова|Ball joint|ball-joint|1|2|198|199|12
{"#",44a01d39-c2b6-4751-85e6-06fdc2f23043,82:9298001517d39cec11e60c56f91ee0d0}|{"#",44a01d39-c2b6-4751-85e6-06fdc2f23043,82:9298001517d39cec11e607b9288ade34}|Рычаги|Важелі|Support arms|support-arms|1|2|206|207|12
{"#",44a01d39-c2b6-4751-85e6-06fdc2f23043,82:aa8f0025909438d711e859e0a35ba4df}|{"#",44a01d39-c2b6-4751-85e6-06fdc2f23043,82:9298001517d39cec11e607b9288ade34}|Втулки амортизатора|Втулки амортизатора|Shock absorber bushings|shock-absorber-bushings|1|2|190|191|12
{"#",44a01d39-c2b6-4751-85e6-06fdc2f23043,82:aa8f0025909438d711e859f88ab41140}|{"#",44a01d39-c2b6-4751-85e6-06fdc2f23043,82:9298001517d39cec11e607b9288ade34}|Стойка (Стакан)|Стійка (Стакан)|Rack (Stand)|rack-stand|1|2|212|213|12
{"#",44a01d39-c2b6-4751-85e6-06fdc2f23043,82:aa930025909438d611e8db572234131b}|{"#",44a01d39-c2b6-4751-85e6-06fdc2f23043,82:9298001517d39cec11e607b9288ade34}|Втулки, подушки стабилизатора|Втулки, подушки стабілізатора|Bushings, stabilizer pads|bushings-stabilizer-pads|1|2|194|195|12
{"#",44a01d39-c2b6-4751-85e6-06fdc2f23043,82:aa930025909438d611e8db574c03e725}|{"#",44a01d39-c2b6-4751-85e6-06fdc2f23043,82:9298001517d39cec11e607b9288ade34}|Сайлентблоки|Сайлентблоки|Rubber bushing|rubber-bushing|1|2|208|209|12
{"#",44a01d39-c2b6-4751-85e6-06fdc2f23043,82:aa930025909438d611e8db57692554cb}|{"#",44a01d39-c2b6-4751-85e6-06fdc2f23043,82:9298001517d39cec11e607b9288ade34}|Втулки рессоры|Втулки ресори|Spring bushings|spring-bushings|1|2|192|193|12
{"#",44a01d39-c2b6-4751-85e6-06fdc2f23043,82:aa930025909438d611e8dcef46677075}|{"#",44a01d39-c2b6-4751-85e6-06fdc2f23043,82:9298001517d39cec11e607b9288ade34}|Пыльник шаровой опоры|Пильник кульовий опори|Ball joint boot|ball-joint-boot|1|2|202|203|12
{"#",44a01d39-c2b6-4751-85e6-06fdc2f23043,82:aa950025909438d711e9bf60e17c453b}|{"#",44a01d39-c2b6-4751-85e6-06fdc2f23043,82:9298001517d39cec11e607b9288ade34}|Рессоры|Ресори|Auto springs|auto-springs|1|2|204|205|12
{"#",44a01d39-c2b6-4751-85e6-06fdc2f23043,82:ae63001517d39cec11e699dfa9d9aa70}|{"#",44a01d39-c2b6-4751-85e6-06fdc2f23043,82:9298001517d39cec11e607b9288ade34}|Пружины|Пружини|Coil springs|coil-springs|1|2|200|201|12
{"#",44a01d39-c2b6-4751-85e6-06fdc2f23043,82:ae63001517d39cec11e699e170538c56}|{"#",44a01d39-c2b6-4751-85e6-06fdc2f23043,82:9298001517d39cec11e607b9288ade34}|Стабилизаторы|Стабілізатори|Stabiliser|stabiliser|1|2|210|211|12
{"#",44a01d39-c2b6-4751-85e6-06fdc2f23043,82:9298001517d39cec11e60ae2354d080a}|{"#",44a01d39-c2b6-4751-85e6-06fdc2f23043,82:9298001517d39cec11e608818ddaa9e0}|Глушители|Глушник|Silencer|silencer|1|2|250|251|16
{"#",44a01d39-c2b6-4751-85e6-06fdc2f23043,82:9298001517d39cec11e60ae2648e63de}|{"#",44a01d39-c2b6-4751-85e6-06fdc2f23043,82:9298001517d39cec11e608818ddaa9e0}|Резонаторы (дополнительные глушители)|Резонатор (додаткові глушники)|Resonator (extra silencer)|resonator|1|2|254|255|16
{"#",44a01d39-c2b6-4751-85e6-06fdc2f23043,82:9298001517d39cec11e60ae29ef59e84}|{"#",44a01d39-c2b6-4751-85e6-06fdc2f23043,82:9298001517d39cec11e608818ddaa9e0}|Трубы приемные, выпускные и другие|Труба приймальна, випускна та ін.|Exhaust pipes, front and others|exhaust-pipes|1|2|256|257|16
{"#",44a01d39-c2b6-4751-85e6-06fdc2f23043,82:9298001517d39cec11e60aed1b6e7bf2}|{"#",44a01d39-c2b6-4751-85e6-06fdc2f23043,82:9298001517d39cec11e608818ddaa9e0}|Элементы монтажные|Елементи монтажні|Mounting parts|mounting-parts|1|2|258|259|16
{"#",44a01d39-c2b6-4751-85e6-06fdc2f23043,82:ae63001517d39cec11e6ad76e4566b16}|{"#",44a01d39-c2b6-4751-85e6-06fdc2f23043,82:9298001517d39cec11e608818ddaa9e0}|Гофры|Гофри|Corrugated pipe|corrugated-pipe|1|2|252|253|16
{"#",44a01d39-c2b6-4751-85e6-06fdc2f23043,82:80c8003048bfc5df11eb76b6fb1023c3}|{"#",44a01d39-c2b6-4751-85e6-06fdc2f23043,82:9298001517d39cec11e6088d22faf7a4}|Патрубки из нержавеющей стали|Патрубки з нержавіючої сталі|Stainless steel fittings|stainless-steel-fittings|1|2|268|269|17
{"#",44a01d39-c2b6-4751-85e6-06fdc2f23043,82:aa930025909438d611e8d052cdef8f26}|{"#",44a01d39-c2b6-4751-85e6-06fdc2f23043,82:9298001517d39cec11e6088d22faf7a4}|Насосы водяные + ремень ГРМ, ролики|Насоси водні (Комплект)|Water pumps (Sets)|water-pumps-sets|1|2|266|267|17
{"#",44a01d39-c2b6-4751-85e6-06fdc2f23043,82:ae63001517d39cec11e678b361051642}|{"#",44a01d39-c2b6-4751-85e6-06fdc2f23043,82:9298001517d39cec11e6088d22faf7a4}|Насосы водяные|Насоси водні|Water pump|water-pump|1|2|264|265|17
{"#",44a01d39-c2b6-4751-85e6-06fdc2f23043,82:ae63001517d39cec11e678b3c0efd100}|{"#",44a01d39-c2b6-4751-85e6-06fdc2f23043,82:9298001517d39cec11e6088d22faf7a4}|Патрубки радиатора|Патрубки радіатора|Hose of radiator|hose-of-radiator|1|2|270|271|17
{"#",44a01d39-c2b6-4751-85e6-06fdc2f23043,82:ae63001517d39cec11e678dc8d566dee}|{"#",44a01d39-c2b6-4751-85e6-06fdc2f23043,82:9298001517d39cec11e6088d22faf7a4}|Термостаты|Термостати|Thermostat|thermostat|1|2|272|273|17
{"#",44a01d39-c2b6-4751-85e6-06fdc2f23043,82:ae63001517d39cec11e6a1a97ee07304}|{"#",44a01d39-c2b6-4751-85e6-06fdc2f23043,82:9298001517d39cec11e6088d22faf7a4}|Бачки расширительные|Бачки розширювальні|Radiator feed tank|radiator-feed-tank|1|2|262|263|17
{"#",44a01d39-c2b6-4751-85e6-06fdc2f23043,82:ae63001517d39cec11e6a6887073735b}|{"#",44a01d39-c2b6-4751-85e6-06fdc2f23043,82:9298001517d39cec11e60ab7aeb2e494}|Рулевой механизм|Рульовий механізм|Steering gear system|steering-gear-system|1|2|246|247|15
{"#",44a01d39-c2b6-4751-85e6-06fdc2f23043,82:ae63001517d39cec11e6a68a562c46be}|{"#",44a01d39-c2b6-4751-85e6-06fdc2f23043,82:9298001517d39cec11e60ab7aeb2e494}|Наконечники, тяги, шарниры|Наконечники, тяги, шарніри|Tie rod end, steering rod, joints|tie-rod-end-steering-rod-joints|1|2|244|245|15
{"#",44a01d39-c2b6-4751-85e6-06fdc2f23043,82:9298001517d39cec11e60adab7641d5e}|{"#",44a01d39-c2b6-4751-85e6-06fdc2f23043,82:9298001517d39cec11e60ada5220dcd5}|Диски тормозные и барабаны|Диски гальмівні та барабани|Brake disks and drums|brake-disks-and-drums|1|2|290|291|20
{"#",44a01d39-c2b6-4751-85e6-06fdc2f23043,82:9298001517d39cec11e60adac96be5fe}|{"#",44a01d39-c2b6-4751-85e6-06fdc2f23043,82:9298001517d39cec11e60ada5220dcd5}|Цилиндры тормозные|Циліндр гальмівний|Brake cylinder|brake-cylinder|1|2|294|295|20
{"#",44a01d39-c2b6-4751-85e6-06fdc2f23043,82:9298001517d39cec11e60adad7a48cd4}|{"#",44a01d39-c2b6-4751-85e6-06fdc2f23043,82:9298001517d39cec11e60ada5220dcd5}|Шланги тормозные и трубки|Шланг гальмівний та трубка|Brake hose and tube|brake-hose-and-tube|1|2|296|297|20
{"#",44a01d39-c2b6-4751-85e6-06fdc2f23043,82:9298001517d39cec11e60adaf5fe9c93}|{"#",44a01d39-c2b6-4751-85e6-06fdc2f23043,82:9298001517d39cec11e60ada5220dcd5}|Колодки тормозные|Колодки гальмівні|Brake pads|brake-pads|1|2|292|293|20
{"#",44a01d39-c2b6-4751-85e6-06fdc2f23043,82:ae63001517d39cec11e6a1a55333018a}|{"#",44a01d39-c2b6-4751-85e6-06fdc2f23043,82:9298001517d39cec11e60af20640f4e4}|Щетки каркасные|Щітки каркасні|Wiper blades with frame|wiper-blades-with-frame|1|2|316|317|22
{"#",44a01d39-c2b6-4751-85e6-06fdc2f23043,82:ae63001517d39cec11e6a1a635eb9ffa}|{"#",44a01d39-c2b6-4751-85e6-06fdc2f23043,82:9298001517d39cec11e60af20640f4e4}|Щетки гибридные|Щітки гібридні|Hybrid wiper blades|hybrid-wiper-blades|1|2|314|315|22
{"#",44a01d39-c2b6-4751-85e6-06fdc2f23043,82:ae63001517d39cec11e6a1a6db4b9cad}|{"#",44a01d39-c2b6-4751-85e6-06fdc2f23043,82:9298001517d39cec11e60af20640f4e4}|Щетки бескаркасные|Щітки безкаркасні|Wiper blades without frame|wiper-blades-without-frame|1|2|312|313|22
{"#",44a01d39-c2b6-4751-85e6-06fdc2f23043,82:9298001517d39cec11e60c4c730beaec}|{"#",44a01d39-c2b6-4751-85e6-06fdc2f23043,82:9298001517d39cec11e60c485e642e82}|Насосы топливные|Насос паливний|Fuel pumps|fuel-pumps|1|2|286|287|19
{"#",44a01d39-c2b6-4751-85e6-06fdc2f23043,82:ae63001517d39cec11e6a1c5d5c6f456}|{"#",44a01d39-c2b6-4751-85e6-06fdc2f23043,82:9298001517d39cec11e60c5bf701c768}|Крепеж (болты, гайки, шпильки)|Кріплення (болти, гайки, шпильки)|Mounting elements (bolts, nuts, keybolts)|mounting-elements-bolt-nuts-key|1|2|218|219|13
{"#",44a01d39-c2b6-4751-85e6-06fdc2f23043,82:ae63001517d39cec11e6a1c68f6164a0}|{"#",44a01d39-c2b6-4751-85e6-06fdc2f23043,82:9298001517d39cec11e60c5bf701c768}|Подшипники (ступицы, полуоси)|Підшипники (маточини, папівосі|Bearings (of hub, axle)|bearings-hub-axle|1|2|224|225|13
{"#",44a01d39-c2b6-4751-85e6-06fdc2f23043,82:ae63001517d39cec11e6a1c7bed2ef3c}|{"#",44a01d39-c2b6-4751-85e6-06fdc2f23043,82:9298001517d39cec11e60c5bf701c768}|Крестовина, карданный вал|Хрестовина, карданний вал|Universal joint, cardan axle|universal-joint-cardan-axle|1|2|220|221|13
{"#",44a01d39-c2b6-4751-85e6-06fdc2f23043,82:ae63001517d39cec11e6a1c91e495680}|{"#",44a01d39-c2b6-4751-85e6-06fdc2f23043,82:9298001517d39cec11e60c5bf701c768}|Приводы колес, ШРУСы|Привід коліс, ШРУСи|Wheel drive, driveshaft|wheel-drive-driveshaft|1|2|226|227|13
{"#",44a01d39-c2b6-4751-85e6-06fdc2f23043,82:ae63001517d39cec11e6a1cb8795f0c4}|{"#",44a01d39-c2b6-4751-85e6-06fdc2f23043,82:9298001517d39cec11e60c5bf701c768}|Сальники|Сальники|Oil seals|oil-seals|1|2|228|229|13
{"#",44a01d39-c2b6-4751-85e6-06fdc2f23043,82:ae63001517d39cec11e6a1cbea1ea04d}|{"#",44a01d39-c2b6-4751-85e6-06fdc2f23043,82:9298001517d39cec11e60c5bf701c768}|КПП|КПП|Gearbox|gearbox|1|2|216|217|13
{"#",44a01d39-c2b6-4751-85e6-06fdc2f23043,82:ae63001517d39cec11e6a1cca94aced2}|{"#",44a01d39-c2b6-4751-85e6-06fdc2f23043,82:9298001517d39cec11e60c5bf701c768}|Кулак поворотный|Кулак поворотний|Steering knuckle|steering-knuckle|1|2|222|223|13
{"#",44a01d39-c2b6-4751-85e6-06fdc2f23043,82:9298001517d39cec11e60de7b47def9c}|{"#",44a01d39-c2b6-4751-85e6-06fdc2f23043,82:9298001517d39cec11e60de6a1e69a24}|Фильтры воздушные|Фільтр повітряний|Air filter|air-filter|1|2|300|301|21
{"#",44a01d39-c2b6-4751-85e6-06fdc2f23043,82:9298001517d39cec11e60de7c613475c}|{"#",44a01d39-c2b6-4751-85e6-06fdc2f23043,82:9298001517d39cec11e60de6a1e69a24}|Фильтры топливные|Фільтр паливний|Fuel filter|fuel-filter|1|2|308|309|21
{"#",44a01d39-c2b6-4751-85e6-06fdc2f23043,82:9298001517d39cec11e60de7cf742762}|{"#",44a01d39-c2b6-4751-85e6-06fdc2f23043,82:9298001517d39cec11e60de6a1e69a24}|Фильтры масляные|Фільтр масляний|Oil filter|oil-filter|1|2|304|305|21
{"#",44a01d39-c2b6-4751-85e6-06fdc2f23043,82:9298001517d39cec11e60de7d9831312}|{"#",44a01d39-c2b6-4751-85e6-06fdc2f23043,82:9298001517d39cec11e60de6a1e69a24}|Фильтры салона|Фільтр салону|Cabin filter|cabin-filter|1|2|306|307|21
{"#",44a01d39-c2b6-4751-85e6-06fdc2f23043,82:b7df001517d39cec11e739779b5343d2}|{"#",44a01d39-c2b6-4751-85e6-06fdc2f23043,82:9298001517d39cec11e60de6a1e69a24}|Фильтры газовые|Фільтри газові|Gas Filters|gas-filters|1|2|302|303|21
{"#",44a01d39-c2b6-4751-85e6-06fdc2f23043,82:aa8f0025909438d711e8574ad17cc13d}|{"#",44a01d39-c2b6-4751-85e6-06fdc2f23043,82:9298001517d39cec11e60deb52307784}|Антифриз|Антифриз|Antifreeze|antifreeze|1|2|32|33|2
{"#",44a01d39-c2b6-4751-85e6-06fdc2f23043,82:aa8f0025909438d711e858fbab233041}|{"#",44a01d39-c2b6-4751-85e6-06fdc2f23043,82:9298001517d39cec11e60deb52307784}|Аэрозоли|Аерозолі|Aerosols|aerosols|1|2|34|35|2
{"#",44a01d39-c2b6-4751-85e6-06fdc2f23043,82:aa930025909438d611e8ee55d01bc2c5}|{"#",44a01d39-c2b6-4751-85e6-06fdc2f23043,82:9298001517d39cec11e60deb52307784}|Автошампунь|Автошампунь|Car shampoo|car-shampoo|1|2|30|31|2
{"#",44a01d39-c2b6-4751-85e6-06fdc2f23043,82:aa930025909438d611e8ee60237e50ac}|{"#",44a01d39-c2b6-4751-85e6-06fdc2f23043,82:9298001517d39cec11e60deb52307784}|Герметики, клеи|Герметики, клеї|Sealants, adhesives|sealants-adhesives|1|2|38|39|2
{"#",44a01d39-c2b6-4751-85e6-06fdc2f23043,82:aa930025909438d611e8ee60556de438}|{"#",44a01d39-c2b6-4751-85e6-06fdc2f23043,82:9298001517d39cec11e60deb52307784}|Электролит|Електроліт|Electrolyte|electrolyte|1|2|54|55|2
{"#",44a01d39-c2b6-4751-85e6-06fdc2f23043,82:aa930025909438d611e8ee6288a089d2}|{"#",44a01d39-c2b6-4751-85e6-06fdc2f23043,82:9298001517d39cec11e60deb52307784}|Концентрат антифриза|Концентрат антифризу|Antifreeze concentrate|antifreeze-concentrate|1|2|46|47|2
{"#",44a01d39-c2b6-4751-85e6-06fdc2f23043,82:aa930025909438d611e8ee6760376dfc}|{"#",44a01d39-c2b6-4751-85e6-06fdc2f23043,82:9298001517d39cec11e60deb52307784}|Очистители|Очисники|Cleaners|cleaners|1|2|48|49|2
{"#",44a01d39-c2b6-4751-85e6-06fdc2f23043,82:aa930025909438d611e8ee6780e3fcee}|{"#",44a01d39-c2b6-4751-85e6-06fdc2f23043,82:9298001517d39cec11e60deb52307784}|Полироли|Поліроли|Polishes|polishes|1|2|50|51|2
{"#",44a01d39-c2b6-4751-85e6-06fdc2f23043,82:aa930025909438d611e8f17551bce2a0}|{"#",44a01d39-c2b6-4751-85e6-06fdc2f23043,82:9298001517d39cec11e60deb52307784}|Жидкость для гидроусилителя руля|Рідина для гідропідсилювача керма|Power Steering Fluid|power-steering-fluid|1|2|40|41|2
{"#",44a01d39-c2b6-4751-85e6-06fdc2f23043,82:ae63001517d39cec11e676811d402782}|{"#",44a01d39-c2b6-4751-85e6-06fdc2f23043,82:9298001517d39cec11e60deb52307784}|Жидкость омывателя стекол|Рідина омивача скла|Windshield fluid|windshield-fluid|1|2|42|43|2
{"#",44a01d39-c2b6-4751-85e6-06fdc2f23043,82:ae63001517d39cec11e67683784cf3e2}|{"#",44a01d39-c2b6-4751-85e6-06fdc2f23043,82:9298001517d39cec11e60deb52307784}|Жидкость тормозная|Рідина гальмівна|Brake fluid|brake-fluid|1|2|44|45|2
{"#",44a01d39-c2b6-4751-85e6-06fdc2f23043,82:ae63001517d39cec11e676842e6bb4b0}|{"#",44a01d39-c2b6-4751-85e6-06fdc2f23043,82:9298001517d39cec11e60deb52307784}|Вода дистиллированная|Вода дистильована|Distilled water|distilled-water|1|2|36|37|2
{"#",44a01d39-c2b6-4751-85e6-06fdc2f23043,82:ae63001517d39cec11e67684947013b4}|{"#",44a01d39-c2b6-4751-85e6-06fdc2f23043,82:9298001517d39cec11e60deb52307784}|Тосол|Тосол|Аntifreeze (Tosol)|antifreeze-tosol|1|2|52|53|2
{"#",44a01d39-c2b6-4751-85e6-06fdc2f23043,82:80c8003048bfc5df11eb76b714119da5}|{"#",44a01d39-c2b6-4751-85e6-06fdc2f23043,82:9298001517d39cec11e60deece3cef3b}|Патрубки отопителя из нержавеющей стали|Патрубки пічки з нержавіючої сталі|Stainless steel heater hoses|stainless-steel-heater-hoses|1|2|182|183|11
{"#",44a01d39-c2b6-4751-85e6-06fdc2f23043,82:ae63001517d39cec11e6a6872513bc68}|{"#",44a01d39-c2b6-4751-85e6-06fdc2f23043,82:9298001517d39cec11e60deece3cef3b}|Патрубки отопителя|Патрубки опалювача|Heater hose|heater-hose|1|2|180|181|11
{"#",44a01d39-c2b6-4751-85e6-06fdc2f23043,82:ae63001517d39cec11e6a687f22c4684}|{"#",44a01d39-c2b6-4751-85e6-06fdc2f23043,82:9298001517d39cec11e60deece3cef3b}|Управление отопителем|Управління опалювачем|Heater control|heater-control|1|2|184|185|11
{"#",44a01d39-c2b6-4751-85e6-06fdc2f23043,82:9298001517d39cec11e60c5ae04ca28d}|{"#",44a01d39-c2b6-4751-85e6-06fdc2f23043,82:9298001517d39cec11e60defbb42767e}|Ремни ГРМ + ролики|Ремені ГРМ + ролики|Timing Belt (Sets)|timing-belts-sets|1|2|234|235|14
{"#",44a01d39-c2b6-4751-85e6-06fdc2f23043,82:ae63001517d39cec11e6a1acb6eb979f}|{"#",44a01d39-c2b6-4751-85e6-06fdc2f23043,82:9298001517d39cec11e60defbb42767e}|Ремни клиновые|Ремені клинові|Cogged belt|cogged-belt|1|2|236|237|14
{"#",44a01d39-c2b6-4751-85e6-06fdc2f23043,82:ae63001517d39cec11e6a1afb1d02bdc}|{"#",44a01d39-c2b6-4751-85e6-06fdc2f23043,82:9298001517d39cec11e60defbb42767e}|Ремни поликлиновые|Ремені поліклинові|PK belt|pk-belt|1|2|238|239|14
{"#",44a01d39-c2b6-4751-85e6-06fdc2f23043,82:ae63001517d39cec11e6a1b072c8803c}|{"#",44a01d39-c2b6-4751-85e6-06fdc2f23043,82:9298001517d39cec11e60defbb42767e}|Ремни ГРМ|Ремені ГРМ|Timing belt|timing-belt|1|2|232|233|14
{"#",44a01d39-c2b6-4751-85e6-06fdc2f23043,82:ae63001517d39cec11e6a1c208c26024}|{"#",44a01d39-c2b6-4751-85e6-06fdc2f23043,82:9298001517d39cec11e60defbb42767e}|Ролики ГРМ|Ролики ГРМ|Roller tensioner timing belt|roller-tensioner-timing-belt|1|2|240|241|14
{"#",44a01d39-c2b6-4751-85e6-06fdc2f23043,82:ae63001517d39cec11e6a68539ef5068}|{"#",44a01d39-c2b6-4751-85e6-06fdc2f23043,82:9298001517d39cec11e60dff820616bc}|Бачки омывателя и насосы|Бачки омивача і насоси|Windscreen washer reservoir and pumps|glass-washer-reservoir-and-pumps|1|2|174|175|10
{"#",44a01d39-c2b6-4751-85e6-06fdc2f23043,82:ae63001517d39cec11e6a6869c9ea550}|{"#",44a01d39-c2b6-4751-85e6-06fdc2f23043,82:9298001517d39cec11e60dff820616bc}|Мотор редуктор стеклоочистителя|Мотор редуктор склоочисника|Gear motor of wiper blades|gear-motor-of-wiper-blades|1|2|176|177|10
{"#",44a01d39-c2b6-4751-85e6-06fdc2f23043,82:9298001517d39cec11e60c594af819d8}|{"#",44a01d39-c2b6-4751-85e6-06fdc2f23043,82:9298001517d39cec11e60e00f6b14883}|Карбюратор, акселератор, коллектор|Карбюратор, акселератор, колектор|Carburetor, accelerator, collector|carburetor-accelerator-collector|1|2|116|117|6
{"#",44a01d39-c2b6-4751-85e6-06fdc2f23043,82:aa930025909438d611e8db6bf6a6c4ec}|{"#",44a01d39-c2b6-4751-85e6-06fdc2f23043,82:9298001517d39cec11e60e00f6b14883}|Блок-картер двигателя|Блок-картер двигуна|Engine block casing|engine-block-casing|1|2|114|115|6
{"#",44a01d39-c2b6-4751-85e6-06fdc2f23043,82:aa930025909438d611e8e4013dd0005e}|{"#",44a01d39-c2b6-4751-85e6-06fdc2f23043,82:9298001517d39cec11e60e00f6b14883}|Шкив коленвала|Шків коленвалу|Crankshaft pulley|crankshaft-pulley|1|2|132|133|6
{"#",44a01d39-c2b6-4751-85e6-06fdc2f23043,82:aa930025909438d611e8e4024caad7a8}|{"#",44a01d39-c2b6-4751-85e6-06fdc2f23043,82:9298001517d39cec11e60e00f6b14883}|Регулятор фаз ГРМ|Регулятор фаз ГРМ|Timing regulator|timing-regulator|1|2|128|129|6
{"#",44a01d39-c2b6-4751-85e6-06fdc2f23043,82:aa930025909438d611e8e402bd15d1d8}|{"#",44a01d39-c2b6-4751-85e6-06fdc2f23043,82:9298001517d39cec11e60e00f6b14883}|Натяжитель цепи ГРМ|Натягувач ланцюга ГРМ|Timing chain tensioner|timing-chain-tensioner|1|2|118|119|6
{"#",44a01d39-c2b6-4751-85e6-06fdc2f23043,82:aa930025909438d611e8e404ca43a0c4}|{"#",44a01d39-c2b6-4751-85e6-06fdc2f23043,82:9298001517d39cec11e60e00f6b14883}|Распределительный вал|Розподільний вал|Auto camshaft|auto-camshaft|1|2|126|127|6
{"#",44a01d39-c2b6-4751-85e6-06fdc2f23043,82:ae63001517d39cec11e6a1c074df63ee}|{"#",44a01d39-c2b6-4751-85e6-06fdc2f23043,82:9298001517d39cec11e60e00f6b14883}|Подушки двигателя|Подушки двигуна|Engine support cushion|engine-support-cushion|1|2|122|123|6
{"#",44a01d39-c2b6-4751-85e6-06fdc2f23043,82:ae63001517d39cec11e6a1c0f0c1d46a}|{"#",44a01d39-c2b6-4751-85e6-06fdc2f23043,82:9298001517d39cec11e60e00f6b14883}|Прокладки|Прокладки|Auto gaskets|auto-gaskets|1|2|124|125|6
{"#",44a01d39-c2b6-4751-85e6-06fdc2f23043,82:ae63001517d39cec11e6a1c2bb92be24}|{"#",44a01d39-c2b6-4751-85e6-06fdc2f23043,82:9298001517d39cec11e60e00f6b14883}|Сальники двигателя|Сальники двигуна|Oil seals engine|oil-seals-engine|1|2|130|131|6
{"#",44a01d39-c2b6-4751-85e6-06fdc2f23043,82:ae63001517d39cec11e6a1c31367ffbb}|{"#",44a01d39-c2b6-4751-85e6-06fdc2f23043,82:9298001517d39cec11e60e00f6b14883}|Патрубки сапуна|Патрубки сапуна|Engine breather tube|engine-breather-tube|1|2|120|121|6
{"#",44a01d39-c2b6-4751-85e6-06fdc2f23043,82:aa930025909438d611e9967380b2cfe4}|{"#",44a01d39-c2b6-4751-85e6-06fdc2f23043,82:9298001517d39cec11e60e0353215344}|Цилиндр подъема кабины|Циліндр підйому кабіни|Cabin lifting cylinder|cabin-lifting-cylinder|1|2|148|149|8
{"#",44a01d39-c2b6-4751-85e6-06fdc2f23043,82:ae63001517d39cec11e6a680791fe75c}|{"#",44a01d39-c2b6-4751-85e6-06fdc2f23043,82:9298001517d39cec11e60e0353215344}|Упоры газовые|Упори газові|Gas spring|gas-spring|1|2|146|147|8
{"#",44a01d39-c2b6-4751-85e6-06fdc2f23043,82:ae63001517d39cec11e6a682390db41c}|{"#",44a01d39-c2b6-4751-85e6-06fdc2f23043,82:9298001517d39cec11e60e0353215344}|Салон|Салон|Auto cabin|auto-cabin|1|2|144|145|8
{"#",44a01d39-c2b6-4751-85e6-06fdc2f23043,82:ae63001517d39cec11e6a682b10deffe}|{"#",44a01d39-c2b6-4751-85e6-06fdc2f23043,82:9298001517d39cec11e60e0353215344}|Элементы кузова|Елементи кузова|Parts of car body|parts-of-car-body|1|2|150|151|8
{"#",44a01d39-c2b6-4751-85e6-06fdc2f23043,82:ae63001517d39cec11e6a68329f0ab46}|{"#",44a01d39-c2b6-4751-85e6-06fdc2f23043,82:9298001517d39cec11e60e07b39d1a1b}|Гаражное оборудование|Гаражне обладнання|Garage equipment|garage-equipment|1|2|138|139|7
{"#",44a01d39-c2b6-4751-85e6-06fdc2f23043,82:ae63001517d39cec11e6a6838cc0e15a}|{"#",44a01d39-c2b6-4751-85e6-06fdc2f23043,82:9298001517d39cec11e60e07b39d1a1b}|Крепеж и материалы|Кріплення і матеріали|Mounting elements|mounting-elements|1|2|140|141|7
{"#",44a01d39-c2b6-4751-85e6-06fdc2f23043,82:ae63001517d39cec11e6a684db0d3ab0}|{"#",44a01d39-c2b6-4751-85e6-06fdc2f23043,82:9298001517d39cec11e60e07b39d1a1b}|В багажник|В багажник|For luggage boot|luggage-boot|1|2|136|137|7
{"#",44a01d39-c2b6-4751-85e6-06fdc2f23043,82:9cb8001517d39cec11e7d05f2ad46e88}|{"#",44a01d39-c2b6-4751-85e6-06fdc2f23043,82:9cb8001517d39cec11e7cec7f2302146}|Масла моторные|Олива моторна|Engine oils|engine-oils|1|2|158|159|9
{"#",44a01d39-c2b6-4751-85e6-06fdc2f23043,82:9cb8001517d39cec11e7d05fba8608ca}|{"#",44a01d39-c2b6-4751-85e6-06fdc2f23043,82:9cb8001517d39cec11e7cec7f2302146}|Масла трансмиссионные|Олива трансмісійна|Transmission oils|transmission-oils|1|2|164|165|9
{"#",44a01d39-c2b6-4751-85e6-06fdc2f23043,82:aa900025909438d711e8a542a62c95b6}|{"#",44a01d39-c2b6-4751-85e6-06fdc2f23043,82:9cb8001517d39cec11e7cec7f2302146}|Смазочные композиции|Змащувальні композиції|Lubricating compositions|lubricating-compositions|1|2|168|169|9
{"#",44a01d39-c2b6-4751-85e6-06fdc2f23043,82:aa930025909438d611e8ee67e9ac6383}|{"#",44a01d39-c2b6-4751-85e6-06fdc2f23043,82:9cb8001517d39cec11e7cec7f2302146}|Масла промывочные|Масло промивне|Flushing oil|flushing-oil|1|2|160|161|9
{"#",44a01d39-c2b6-4751-85e6-06fdc2f23043,82:aa930025909438d611e8ee68e2817610}|{"#",44a01d39-c2b6-4751-85e6-06fdc2f23043,82:9cb8001517d39cec11e7cec7f2302146}|Масла гидравлические|Масло гідравлічне|Hydraulic oil|hydraulic-oil|1|2|154|155|9
{"#",44a01d39-c2b6-4751-85e6-06fdc2f23043,82:aa930025909438d611e8f179dc1c6971}|{"#",44a01d39-c2b6-4751-85e6-06fdc2f23043,82:9cb8001517d39cec11e7cec7f2302146}|Присадки|Присадки|Additives|additives|1|2|166|167|9
{"#",44a01d39-c2b6-4751-85e6-06fdc2f23043,82:aa930025909438d611e8f2fa5413ef87}|{"#",44a01d39-c2b6-4751-85e6-06fdc2f23043,82:9cb8001517d39cec11e7cec7f2302146}|Масла компрессорные|Оливи компресорні|Compressor oils|compressor-oils|1|2|156|157|9
{"#",44a01d39-c2b6-4751-85e6-06fdc2f23043,82:aa930025909438d611e8f2fa8936c510}|{"#",44a01d39-c2b6-4751-85e6-06fdc2f23043,82:9cb8001517d39cec11e7cec7f2302146}|Масла специальные|Оливи спеціальні|Special oils|special-oils|1|2|162|163|9
{"#",44a01d39-c2b6-4751-85e6-06fdc2f23043,82:aa930025909438d611e8f300a1fac2d5}|{"#",44a01d39-c2b6-4751-85e6-06fdc2f23043,82:9cb8001517d39cec11e7cec7f2302146}|Смазочные масла|Мастила|Lubricating oils|lubricating-oils|1|2|170|171|9
{"#",44a01d39-c2b6-4751-85e6-06fdc2f23043,82:aa900025909438d711e8a9fe4114d9a8}|{"#",44a01d39-c2b6-4751-85e6-06fdc2f23043,82:aa900025909438d711e8a9fe282462ac}|Смарт-часы|Смарт-годинник|Smart Watches|smart-watches|0|2|66|67|4
{"#",44a01d39-c2b6-4751-85e6-06fdc2f23043,82:aa900025909438d711e8a9fe549a9a40}|{"#",44a01d39-c2b6-4751-85e6-06fdc2f23043,82:aa900025909438d711e8a9fe282462ac}|Фитнес-браслеты|Фітнес-браслети|Fitness bracelets|fitness-bracelets|0|2|68|69|4
{"#",44a01d39-c2b6-4751-85e6-06fdc2f23043,82:9298001517d39cec11e60e06b10a9153}|{"#",44a01d39-c2b6-4751-85e6-06fdc2f23043,82:aa930025909438d611e8cd50be7d714d}|Датчики положения коленчатого вала|Датчики положення колінчастого вала|Crankshaft position sensors|crankshaft-position-sensors|1|2|90|91|5
{"#",44a01d39-c2b6-4751-85e6-06fdc2f23043,82:aa930025909438d611e8cc8fb771babb}|{"#",44a01d39-c2b6-4751-85e6-06fdc2f23043,82:aa930025909438d611e8cd50be7d714d}|Датчики кислородные (Лямбда-зонд)|Датчики кисню (Лямбда-зонд)|Oxygen sensors (Lambda probe)|oxygen-sensors-lambda-probe|1|2|84|85|5
{"#",44a01d39-c2b6-4751-85e6-06fdc2f23043,82:aa930025909438d611e8cdee4ee70dc0}|{"#",44a01d39-c2b6-4751-85e6-06fdc2f23043,82:aa930025909438d611e8cd50be7d714d}|Датчики температуры выхлопных газов|Датчики температури|Temperature sensors|temperature-sensors|1|2|102|103|5
{"#",44a01d39-c2b6-4751-85e6-06fdc2f23043,82:aa930025909438d611e8cdee77e32528}|{"#",44a01d39-c2b6-4751-85e6-06fdc2f23043,82:aa930025909438d611e8cd50be7d714d}|Датчики массового расхода воздуха|Датчики масової витрати повітря|Mass air flow sensors|mass-air-flow-sensors|1|2|86|87|5
{"#",44a01d39-c2b6-4751-85e6-06fdc2f23043,82:aa930025909438d611e8cdeefeaceb22}|{"#",44a01d39-c2b6-4751-85e6-06fdc2f23043,82:aa930025909438d611e8cd50be7d714d}|Датчики давления масла|Датчики тиску масла|Oil pressure sensors|oil-pressure-sensors|1|2|78|79|5
{"#",44a01d39-c2b6-4751-85e6-06fdc2f23043,82:aa930025909438d611e8cdef9f27a4c5}|{"#",44a01d39-c2b6-4751-85e6-06fdc2f23043,82:aa930025909438d611e8cd50be7d714d}|Датчики уровня масла в двигателе|Датчики рівня масла в двигуні|Engine oil level sensors|engine-oil-level-sensors|1|2|106|107|5
{"#",44a01d39-c2b6-4751-85e6-06fdc2f23043,82:aa930025909438d611e8cdf05559ad0e}|{"#",44a01d39-c2b6-4751-85e6-06fdc2f23043,82:aa930025909438d611e8cd50be7d714d}|Датчики детонации|Датчики детонації|Knock sensors|knock-sensors|1|2|82|83|5
{"#",44a01d39-c2b6-4751-85e6-06fdc2f23043,82:aa930025909438d611e8cdf06b9a162c}|{"#",44a01d39-c2b6-4751-85e6-06fdc2f23043,82:aa930025909438d611e8cd50be7d714d}|Датчики ABS|Датчики ABS|ABS sensors|sensors-abs|1|2|72|73|5
{"#",44a01d39-c2b6-4751-85e6-06fdc2f23043,82:aa930025909438d611e8cdf248b3d039}|{"#",44a01d39-c2b6-4751-85e6-06fdc2f23043,82:aa930025909438d611e8cd50be7d714d}|Датчики скорости|Датчики швидкості|Speed sensors|speed-sensors|1|2|94|95|5
{"#",44a01d39-c2b6-4751-85e6-06fdc2f23043,82:aa930025909438d611e8d1dcd2802748}|{"#",44a01d39-c2b6-4751-85e6-06fdc2f23043,82:aa930025909438d611e8cd50be7d714d}|Кольцо ABS|Кільце ABS|ABS ring|abs-ring|1|2|110|111|5
{"#",44a01d39-c2b6-4751-85e6-06fdc2f23043,82:aa930025909438d611e8d1e08b8503ce}|{"#",44a01d39-c2b6-4751-85e6-06fdc2f23043,82:aa930025909438d611e8cd50be7d714d}|Датчики абсолютного давления коллектора|Датчики абсолютного тиску колектора|Manifold Absolute Pressure Sensors|manifold-absolute-pressure-sensors|1|2|74|75|5
{"#",44a01d39-c2b6-4751-85e6-06fdc2f23043,82:aa930025909438d611e8d1e0d288102f}|{"#",44a01d39-c2b6-4751-85e6-06fdc2f23043,82:aa930025909438d611e8cd50be7d714d}|Датчики давления отработавших газов|Датчики тиску відпрацьованих газів|Exhaust gas pressure sensors|exhaust-gas-pressure-sensors|1|2|80|81|5
{"#",44a01d39-c2b6-4751-85e6-06fdc2f23043,82:aa930025909438d611e8d1e73ac4dcbe}|{"#",44a01d39-c2b6-4751-85e6-06fdc2f23043,82:aa930025909438d611e8cd50be7d714d}|Датчики положения распределительного вала|Датчики положення розподільного валу|Camshaft position sensors|camshaft-position-sensors|1|2|92|93|5
{"#",44a01d39-c2b6-4751-85e6-06fdc2f23043,82:aa930025909438d611e8d1ec259b1ed8}|{"#",44a01d39-c2b6-4751-85e6-06fdc2f23043,82:aa930025909438d611e8cd50be7d714d}|Датчики температуры впускаемого воздуха|Датчики температури впускаємого повітря|Intake Air Temperature Sensors|intake-air-temperature-sensors|1|2|100|101|5
{"#",44a01d39-c2b6-4751-85e6-06fdc2f23043,82:aa930025909438d611e8d1ec8100d63d}|{"#",44a01d39-c2b6-4751-85e6-06fdc2f23043,82:aa930025909438d611e8cd50be7d714d}|Датчики температуры в салоне автомобиля|Датчики температури в салоні автомобіля|Temperature sensors in the car|temperature-sensors-car|1|2|96|97|5
{"#",44a01d39-c2b6-4751-85e6-06fdc2f23043,82:aa930025909438d611e8d1ed26e68b8d}|{"#",44a01d39-c2b6-4751-85e6-06fdc2f23043,82:aa930025909438d611e8cd50be7d714d}|Датчики температуры охлаждающей жидкости|Датчики температури охолоджуючої рідини|Coolant Temperature Sensors|coolant-temperature-sensors|1|2|104|105|5
{"#",44a01d39-c2b6-4751-85e6-06fdc2f23043,82:aa930025909438d611e8d1efb811f28b}|{"#",44a01d39-c2b6-4751-85e6-06fdc2f23043,82:aa930025909438d611e8cd50be7d714d}|Датчики включения вентилятора|Датчики включення вентилятора|Sensors on the fan|sensors-on-the-fan|1|2|76|77|5
{"#",44a01d39-c2b6-4751-85e6-06fdc2f23043,82:aa930025909438d611e8d1f24ae2270a}|{"#",44a01d39-c2b6-4751-85e6-06fdc2f23043,82:aa930025909438d611e8cd50be7d714d}|Датчики положения дроссельной заслонки|Датчики положення дросельної заслінки|Throttle position sensors|throttle-position-sensors|1|2|88|89|5
{"#",44a01d39-c2b6-4751-85e6-06fdc2f23043,82:aa930025909438d611e8d2dfc0fd4d51}|{"#",44a01d39-c2b6-4751-85e6-06fdc2f23043,82:aa930025909438d611e8cd50be7d714d}|Датчики температуры внешнего воздуха|Датчики температури зовнішнього повітря|Outside air temperature sensors|outside-air-temperature-sensors|1|2|98|99|5
{"#",44a01d39-c2b6-4751-85e6-06fdc2f23043,82:aa930025909438d611e8d2dff9dbc14a}|{"#",44a01d39-c2b6-4751-85e6-06fdc2f23043,82:aa930025909438d611e8cd50be7d714d}|Клапани рециркуляции отработанных газов|Клапани рециркуляції відпрацьованих газів|Exhaust Gas Recirculation Valves|exhaust-gas-recirculation-valves|1|2|108|109|5
